<?xml version="1.0" encoding="UTF-8"?>
<con:soapui-project id="a9376d9d-d287-4842-b7ce-e4550d7c9bbe" activeEnvironment="Default" name="REST Project 5" soapui-version="5.2.1" xmlns:con="http://eviware.com/soapui/config"><con:settings/><con:interface xsi:type="con:RestService" id="278dc02a-936d-43c0-ae08-a64797b3176f" wadlVersion="http://wadl.dev.java.net/2009/02" name="https://api.twitter.com" type="rest" xmlns:xsi="http://www.w3.org/2001/XMLSchema-instance"><con:settings/><con:definitionCache/><con:endpoints><con:endpoint>https://api.twitter.com</con:endpoint></con:endpoints><con:resource name="Mentions_timeline.json" path="/1.1/statuses/mentions_timeline.json" id="380e8b9d-b106-4edb-9bea-a686b377366c"><con:settings/><con:parameters/><con:method name="Mentions_timeline.json" id="0ba57f43-0c7e-47b1-9669-8b6f5eb23c26" method="GET"><con:settings/><con:parameters/><con:request name="Request 1" id="5852b098-8540-4f98-9277-281139ffaf02" mediaType="application/json"><con:settings/><con:endpoint>https://api.twitter.com</con:endpoint><con:request/><con:credentials><con:authType>No Authorization</con:authType></con:credentials><con:jmsConfig JMSDeliveryMode="PERSISTENT"/><con:jmsPropertyConfig/><con:parameters/></con:request></con:method></con:resource></con:interface><con:properties/><con:wssContainer/><con:oAuth2ProfileContainer/></con:soapui-project>