<?xml version="1.0" encoding="UTF-8"?>
<con:soapui-project id="904e7119-ce77-43ef-b0c5-b3532763c085" activeEnvironment="Default" name="REST Project 2" soapui-version="5.2.1" xmlns:con="http://eviware.com/soapui/config"><con:settings/><con:interface xsi:type="con:RestService" id="32fd9e5b-3afe-4f43-bdc3-85ac2d7b285e" wadlVersion="http://wadl.dev.java.net/2009/02" name="https://outlook.office.com" type="rest" xmlns:xsi="http://www.w3.org/2001/XMLSchema-instance"><con:settings/><con:definitionCache/><con:endpoints><con:endpoint>https://outlook.office.com</con:endpoint></con:endpoints><con:resource name="$batch" path="/api/v2.0/me/$batch" id="cc71e671-d38a-4427-8fe3-7aab1e8a3874"><con:settings/><con:parameters/><con:method name="$batch" id="1e465c69-f5f9-4297-878b-94456e7c526f" method="GET"><con:settings/><con:parameters/><con:request name="Request 1" id="f89aefab-97f3-4f91-b328-c83ea455f263" mediaType="application/json"><con:settings><con:setting id="com.eviware.soapui.impl.wsdl.WsdlRequest@request-headers">&lt;xml-fragment/></con:setting></con:settings><con:endpoint>https://outlook.office.com</con:endpoint><con:request/><con:credentials><con:selectedAuthProfile>Sayandip</con:selectedAuthProfile><con:authType>OAuth 2.0</con:authType></con:credentials><con:jmsConfig JMSDeliveryMode="PERSISTENT"/><con:jmsPropertyConfig/><con:parameters/></con:request></con:method></con:resource></con:interface><con:properties/><con:wssContainer/><con:oAuth2ProfileContainer><con:oAuth2Profile><con:name>Sayandip</con:name><con:accessTokenPosition>HEADER</con:accessTokenPosition><con:oAuth2Flow>AUTHORIZATION_CODE_GRANT</con:oAuth2Flow><con:refreshAccessTokenMethod>AUTOMATIC</con:refreshAccessTokenMethod></con:oAuth2Profile></con:oAuth2ProfileContainer></con:soapui-project>