<?xml version="1.0" encoding="UTF-8"?>
<con:soapui-project id="1756f3da-640c-4de6-8aa9-ac69ff28425c" activeEnvironment="Default" name="REST Project 3" soapui-version="5.2.1" xmlns:con="http://eviware.com/soapui/config"><con:settings/><con:interface xsi:type="con:RestService" id="f9185141-9c4b-47c3-ae95-4777563ef5fe" wadlVersion="http://wadl.dev.java.net/2009/02" name="https://outlook.office.com" type="rest" xmlns:xsi="http://www.w3.org/2001/XMLSchema-instance"><con:settings/><con:definitionCache type="TEXT" rootPart=""/><con:endpoints><con:endpoint>https://outlook.office.com</con:endpoint></con:endpoints><con:resource name="Messages" path="/api/v2.0/me/mailfolders/inbox/messages" id="6e491980-e55c-44aa-9d61-489d92fe991c"><con:settings/><con:parameters><con:parameter><con:name>$top</con:name><con:value/><con:style>QUERY</con:style><con:default/><con:description xsi:nil="true"/></con:parameter></con:parameters><con:method name="Messages" id="dd6b267a-c45e-4b72-bb91-90f633044c5f" method="GET"><con:settings/><con:parameters/><con:representation type="RESPONSE"><con:mediaType>application/json;odata.metadata=minimal;odata.streaming=true;IEEE754Compatible=false;charset=utf-8</con:mediaType><con:status>200</con:status><con:params/><con:element xmlns:mes="https://outlook.office.com/api/v2.0/me/mailfolders/inbox/messages">mes:Response</con:element></con:representation><con:representation type="FAULT"><con:mediaType xsi:nil="true"/><con:status>401</con:status><con:params/><con:element>data</con:element></con:representation><con:representation type="FAULT"><con:mediaType xsi:nil="true"/><con:status>401</con:status><con:params/><con:element>data</con:element></con:representation><con:representation type="FAULT"><con:mediaType xsi:nil="true"/><con:status>401</con:status><con:params/><con:element>data</con:element></con:representation><con:representation type="FAULT"><con:mediaType xsi:nil="true"/><con:status>401</con:status><con:params/><con:element>data</con:element></con:representation><con:request name="Request 1" id="48f060e9-400c-4a49-9a3a-31d53d6edd92" mediaType="application/json"><con:settings><con:setting id="com.eviware.soapui.impl.wsdl.WsdlRequest@request-headers">&lt;xml-fragment/></con:setting></con:settings><con:endpoint>https://outlook.office.com</con:endpoint><con:request/><con:originalUri>https://outlook.office.com/api/v2.0/me/mailfolders/inbox/messages</con:originalUri><con:credentials><con:selectedAuthProfile>Test</con:selectedAuthProfile><con:authType>OAuth 2.0</con:authType></con:credentials><con:jmsConfig JMSDeliveryMode="PERSISTENT"/><con:jmsPropertyConfig/><con:parameters><entry key="$top" value="10" xmlns="http://eviware.com/soapui/config"/></con:parameters><con:parameterOrder><con:entry>$top</con:entry></con:parameterOrder></con:request></con:method></con:resource></con:interface><con:properties/><con:wssContainer/><con:oAuth2ProfileContainer><con:oAuth2Profile><con:name>Test</con:name><con:accessToken>eyJ0eXAiOiJKV1QiLCJhbGciOiJSUzI1NiIsIng1dCI6IkhIQnlLVS0wRHFBcU1aaDZaRlBkMlZXYU90ZyIsImtpZCI6IkhIQnlLVS0wRHFBcU1aaDZaRlBkMlZXYU90ZyJ9</con:accessToken><con:accessTokenPosition>HEADER</con:accessTokenPosition><con:oAuth2Flow>AUTHORIZATION_CODE_GRANT</con:oAuth2Flow><con:refreshAccessTokenMethod>AUTOMATIC</con:refreshAccessTokenMethod><con:accessTokenStatus>ENTERED_MANUALLY</con:accessTokenStatus><con:accessTokenStartingStatus>ENTERED_MANUALLY</con:accessTokenStartingStatus></con:oAuth2Profile></con:oAuth2ProfileContainer></con:soapui-project>