<?xml version="1.0" encoding="UTF-8"?>
<con:soapui-project id="55ef6904-aeb4-41af-9781-9ddfd0dbdcef" activeEnvironment="Default" name="REST Project 4" soapui-version="5.2.1" xmlns:con="http://eviware.com/soapui/config"><con:settings/><con:interface xsi:type="con:RestService" id="88989144-cc35-4b93-860f-e52a07a078be" wadlVersion="http://wadl.dev.java.net/2009/02" name="https://api.twitter.com" type="rest" xmlns:xsi="http://www.w3.org/2001/XMLSchema-instance"><con:settings/><con:definitionCache/><con:endpoints><con:endpoint>https://api.twitter.com</con:endpoint></con:endpoints><con:resource name="Mentions_timeline.json" path="/1.1/statuses/mentions_timeline.json" id="cc7fa4c4-8866-4e20-baa4-f2cc1811c56a"><con:settings/><con:parameters/><con:method name="Mentions_timeline.json" id="2ce22c3f-f4fc-4021-9685-d26ae47389bb" method="GET"><con:settings/><con:parameters/><con:request name="Request 1" id="de1a4c21-b3c1-49cf-b8d1-76c3bab5784b" mediaType="application/json"><con:settings/><con:endpoint>https://api.twitter.com/1.1/statuses/mentions_timeline.json</con:endpoint><con:request/><con:credentials><con:authType>No Authorization</con:authType></con:credentials><con:jmsConfig JMSDeliveryMode="PERSISTENT"/><con:jmsPropertyConfig/><con:parameters/></con:request></con:method></con:resource></con:interface><con:properties/><con:wssContainer/><con:oAuth2ProfileContainer/></con:soapui-project>